Survived,Pclass,Gender,Age,Fare,Embarked,honorific,num_family,alone
0,3,1,20,7.25,2,2,1,0
1,1,0,30,71.2833,0,3,1,0
1,3,0,20,7.925,2,1,0,1
1,1,0,30,53.1,2,3,1,0
0,3,1,30,8.05,2,2,0,1
0,3,1,20,8.4583,1,2,0,1
0,1,1,50,51.8625,2,2,0,1
0,3,1,0,21.075,2,0,4,0
1,3,0,20,11.1333,2,3,2,0
1,2,0,10,30.0708,0,3,1,0
1,3,0,0,16.7,2,1,2,0
1,1,0,50,26.55,2,1,0,1
0,3,1,10,8.05,2,2,0,1
0,3,1,30,31.275,2,2,6,0
0,3,0,10,7.8542,2,1,0,1
1,2,0,50,16.0,2,3,0,1
0,3,1,0,29.125,1,0,5,0
1,2,1,20,13.0,2,2,0,1
0,3,0,30,18.0,2,3,1,0
1,3,0,20,7.225,0,3,0,1
0,2,1,30,26.0,2,2,0,1
1,2,1,30,13.0,2,2,0,1
1,3,0,10,8.0292,1,1,0,1
1,1,1,20,35.5,2,2,0,1
0,3,0,0,21.075,2,1,4,0
1,3,0,30,31.3875,2,3,6,0
0,3,1,20,7.225,0,2,0,1
0,1,1,10,263.0,2,2,5,0
1,3,0,20,7.8792,1,1,0,1
0,3,1,20,7.8958,2,2,0,1
0,1,1,30,27.7208,0,4,0,1
1,1,0,20,146.5208,0,3,1,0
1,3,0,20,7.75,1,1,0,1
0,2,1,60,10.5,2,2,0,1
0,1,1,20,82.1708,0,2,1,0
0,1,1,40,52.0,2,2,1,0
1,3,1,20,7.2292,0,2,0,1
0,3,1,20,8.05,2,2,0,1
0,3,0,10,18.0,2,1,2,0
1,3,0,10,11.2417,0,1,1,0
0,3,0,30,9.475,2,3,1,0
0,2,0,20,21.0,2,3,1,0
0,3,1,20,7.8958,0,2,0,1
1,2,0,0,41.5792,0,1,3,0
1,3,0,10,7.8792,1,1,0,1
0,3,1,20,8.05,2,2,0,1
0,3,1,20,15.5,1,2,1,0
1,3,0,20,7.75,1,1,0,1
0,3,1,20,21.6792,0,2,2,0
0,3,0,10,17.8,2,3,1,0
0,3,1,0,39.6875,2,0,5,0
0,3,1,20,7.8,2,2,0,1
1,1,0,40,76.7292,0,3,1,0
1,2,0,20,26.0,2,3,1,0
0,1,1,60,61.9792,0,2,1,0
1,1,1,20,35.5,2,2,0,1
1,2,0,20,10.5,2,1,0,1
0,3,1,20,7.2292,0,2,0,1
1,2,0,0,27.75,2,1,3,0
0,3,1,10,46.9,2,0,7,0
0,3,1,20,7.2292,0,2,0,1
1,1,0,30,80.0,2,1,0,1
0,1,1,40,83.475,2,2,1,0
0,3,1,0,27.9,2,0,5,0
0,1,1,20,27.7208,0,2,0,1
1,3,1,20,15.2458,0,0,2,0
1,2,0,20,10.5,2,3,0,1
0,3,1,10,8.1583,2,2,0,1
1,3,0,10,7.925,2,1,6,0
0,3,1,20,8.6625,2,2,2,0
0,2,1,30,10.5,2,2,0,1
0,3,0,10,46.9,2,1,7,0
0,2,1,20,73.5,2,2,0,1
0,3,1,20,14.4542,0,2,1,0
1,3,1,30,56.4958,2,2,0,1
0,3,1,20,7.65,2,2,0,1
0,3,1,20,7.8958,2,2,0,1
0,3,1,20,8.05,2,2,0,1
1,2,1,0,29.0,2,0,2,0
1,3,0,20,12.475,2,1,0,1
0,3,1,20,9.0,2,2,0,1
1,3,1,20,9.5,2,2,0,1
1,3,0,20,7.7875,1,1,0,1
0,1,1,20,47.1,2,2,0,1
1,2,0,10,10.5,2,1,0,1
1,3,0,30,15.85,2,3,3,0
0,3,1,10,34.375,2,2,4,0
0,3,1,20,8.05,2,2,0,1
1,1,0,20,263.0,2,1,5,0
0,3,1,20,8.05,2,2,0,1
0,3,1,20,8.05,2,2,0,1
0,3,1,10,7.8542,2,2,0,1
0,1,1,40,61.175,2,2,1,0
0,3,1,20,20.575,2,2,3,0
0,3,1,50,7.25,2,2,0,1
0,3,1,20,8.05,2,2,0,1
0,1,1,70,34.6542,0,2,0,1
1,1,1,20,63.3583,0,2,1,0
1,2,0,30,23.0,2,3,1,0
0,2,1,30,26.0,2,2,1,0
0,3,0,20,7.8958,2,1,0,1
0,3,1,20,7.8958,2,2,0,1
0,1,1,20,77.2875,2,2,1,0
0,3,1,30,8.6542,2,2,0,1
0,3,1,30,7.925,2,2,2,0
0,3,1,20,7.8958,2,2,0,1
1,3,0,20,7.65,2,1,0,1
1,3,1,20,7.775,2,2,0,1
0,3,1,30,7.8958,2,2,0,1
1,3,0,20,24.15,1,1,1,0
0,1,1,40,52.0,2,2,0,1
0,3,0,10,14.4542,0,1,1,0
0,3,1,20,8.05,2,2,0,1
0,3,0,10,9.825,2,1,1,0
0,3,0,10,14.4583,0,1,0,1
0,3,1,20,7.925,2,2,0,1
0,3,1,70,7.75,1,2,0,1
0,2,1,20,21.0,2,2,1,0
0,1,1,20,247.5208,0,2,1,0
0,3,0,0,31.275,2,1,6,0
0,2,1,20,73.5,2,2,2,0
0,3,1,20,8.05,2,2,0,1
0,2,1,30,30.0708,0,2,1,0
1,2,0,30,13.0,2,1,0,1
0,1,1,50,77.2875,2,2,1,0
1,3,1,10,11.2417,0,0,1,0
0,3,1,20,7.75,1,2,0,1
1,3,1,20,7.1417,2,2,0,1
1,3,0,20,22.3583,0,1,2,0
0,3,1,40,6.975,2,2,0,1
0,3,1,30,7.8958,0,2,0,1
0,3,1,10,7.05,2,2,0,1
0,3,0,40,14.5,2,3,1,0
1,2,0,20,26.0,2,3,1,0
0,2,1,20,13.0,2,2,0,1
0,2,1,20,15.0458,0,2,0,1
1,1,0,10,26.2833,2,1,2,0
0,1,1,30,53.1,2,2,1,0
0,3,1,10,9.2167,2,2,0,1
0,1,1,20,79.2,0,2,0,1
0,3,0,20,15.2458,0,3,2,0
1,3,0,20,7.75,2,1,0,1
1,3,0,20,15.85,2,3,1,0
0,3,1,10,6.75,1,2,0,1
0,2,1,10,11.5,2,2,0,1
0,2,1,10,36.75,2,2,2,0
1,3,1,20,7.7958,2,2,0,1
0,3,0,0,34.375,2,1,4,0
0,2,1,30,26.0,2,2,2,0
0,2,1,40,13.0,2,4,0,1
0,2,1,50,12.525,2,4,0,1
1,1,0,20,66.6,2,3,1,0
0,3,1,50,8.05,2,2,0,1
0,3,1,40,14.5,2,2,2,0
0,3,1,20,7.3125,2,2,0,1
0,1,1,50,61.3792,0,2,1,0
1,3,0,10,7.7333,1,1,0,1
0,3,1,20,8.05,2,2,0,1
0,3,1,20,8.6625,2,2,0,1
0,3,1,20,69.55,2,0,10,0
0,3,1,40,16.1,2,2,1,0
1,2,0,30,15.75,2,3,0,1
0,3,1,20,7.775,2,2,0,1
0,3,1,10,8.6625,2,2,0,1
0,3,1,0,39.6875,2,0,5,0
1,3,1,0,20.525,2,0,2,0
1,1,0,20,55.0,2,3,1,0
0,3,0,40,27.9,2,3,5,0
0,1,1,20,25.925,2,2,0,1
0,3,1,20,56.4958,2,2,0,1
0,1,1,60,33.5,2,2,0,1
0,3,1,0,29.125,1,0,5,0
1,3,0,0,11.1333,2,1,2,0
0,3,1,20,7.925,2,2,0,1
0,1,1,50,30.6958,0,2,0,1
0,3,1,10,7.8542,2,2,2,0
0,3,1,20,25.4667,2,0,4,0
0,1,0,40,28.7125,0,1,0,1
0,2,1,20,13.0,2,2,0,1
0,3,1,30,0.0,2,2,0,1
0,3,0,20,69.55,2,1,10,0
0,2,1,20,15.05,0,2,0,1
0,3,1,0,31.3875,2,0,6,0
1,2,1,0,39.0,2,0,3,0
1,3,0,0,22.025,2,1,2,0
0,1,1,20,50.0,2,2,0,1
1,3,0,20,15.5,1,3,1,0
1,1,1,40,26.55,2,2,0,1
0,3,1,30,15.5,1,2,2,0
0,3,1,30,7.8958,2,2,0,1
1,2,0,30,13.0,2,3,0,1
0,2,1,10,13.0,2,2,0,1
1,3,0,10,7.8542,2,1,1,0
1,2,1,0,26.0,2,0,2,0
1,1,0,40,27.7208,0,3,0,1
1,1,0,50,146.5208,0,1,0,1
0,3,1,20,7.75,1,2,0,1
0,3,1,40,8.4042,2,2,1,0
1,3,0,20,7.75,1,1,0,1
0,2,0,20,13.0,2,1,0,1
0,3,1,20,9.5,2,2,0,1
0,3,1,20,69.55,2,2,10,0
0,3,1,30,6.4958,2,2,0,1
0,3,1,40,7.225,0,2,0,1
1,3,1,10,8.05,2,2,0,1
0,3,0,0,10.4625,2,1,1,0
0,3,1,30,15.85,2,2,1,0
1,3,1,20,18.7875,0,2,0,1
1,3,0,10,7.75,1,1,0,1
1,1,1,30,31.0,0,2,0,1
0,3,1,20,7.05,2,2,0,1
1,2,0,30,21.0,2,1,0,1
0,3,1,20,7.25,2,2,0,1
0,2,1,20,13.0,2,2,0,1
0,3,1,20,7.75,1,2,1,0
1,1,0,30,113.275,0,1,1,0
1,3,0,20,7.925,2,1,0,1
0,2,1,40,27.0,2,2,1,0
1,1,0,30,76.2917,0,1,0,1
0,2,1,20,10.5,2,2,0,1
1,3,1,10,8.05,2,2,0,1
0,2,1,20,13.0,2,2,0,1
0,3,1,50,8.05,2,2,0,1
0,3,1,20,7.8958,2,2,0,1
1,1,1,30,90.0,2,2,1,0
0,3,1,20,9.35,2,2,0,1
1,2,1,10,10.5,2,2,0,1
0,3,1,20,7.25,2,2,0,1
0,2,1,10,13.0,2,2,0,1
0,3,0,20,25.4667,2,1,4,0
1,1,0,30,83.475,2,3,1,0
0,3,1,20,7.775,2,2,0,1
0,2,1,50,13.5,2,2,0,1
1,3,0,0,31.3875,2,1,6,0
0,2,1,20,10.5,2,2,0,1
0,3,0,20,7.55,2,1,0,1
0,2,1,40,26.0,2,2,1,0
1,2,0,0,26.25,2,1,2,0
0,2,1,10,10.5,2,2,0,1
0,2,1,30,12.275,2,2,0,1
0,3,0,20,14.4542,0,1,1,0
1,3,0,20,15.5,1,1,1,0
0,2,1,20,10.5,2,2,0,1
0,3,1,20,7.125,2,2,0,1
0,3,1,20,7.225,0,2,0,1
0,1,1,40,90.0,1,4,2,0
0,3,0,20,7.775,2,1,0,1
1,2,0,20,14.5,2,3,2,0
1,1,1,30,52.5542,2,2,2,0
0,2,1,50,26.0,2,4,1,0
0,3,1,20,7.25,2,2,0,1
0,3,0,20,10.4625,2,3,2,0
0,1,1,60,26.55,2,2,0,1
0,3,1,20,16.1,2,2,1,0
0,3,0,40,20.2125,2,3,2,0
1,3,0,20,15.2458,0,3,2,0
1,1,0,20,79.2,0,3,0,1
1,1,0,20,86.5,2,1,0,1
1,1,0,30,512.3292,0,1,0,1
1,2,0,40,26.0,2,3,1,0
0,3,1,20,7.75,1,2,0,1
1,3,1,0,31.3875,2,0,6,0
0,1,1,50,79.65,2,2,2,0
0,1,1,30,0.0,2,2,0,1
0,3,0,20,7.75,1,1,0,1
0,2,1,30,10.5,2,2,0,1
0,3,1,10,39.6875,2,2,5,0
1,3,1,20,7.775,2,2,1,0
1,1,0,50,153.4625,2,3,1,0
1,1,0,30,135.6333,2,1,0,1
0,1,1,20,31.0,2,2,0,1
1,3,1,20,0.0,2,2,0,1
1,2,0,40,19.5,2,3,1,0
0,1,1,30,29.7,0,2,1,0
1,3,0,20,7.75,1,1,0,1
1,1,0,60,77.9583,2,1,1,0
0,3,0,40,7.75,2,1,0,1
0,2,1,20,0.0,2,2,0,1
0,3,1,0,29.125,1,0,5,0
1,3,0,30,20.25,2,3,2,0
0,3,1,60,7.75,1,2,0,1
0,3,1,20,7.8542,2,2,0,1
0,3,1,10,9.5,2,2,0,1
1,3,1,10,8.05,2,2,0,1
0,1,1,20,26.0,2,2,0,1
0,3,1,30,8.6625,0,2,0,1
1,3,1,20,9.5,2,2,0,1
0,3,1,20,7.8958,2,2,0,1
1,2,1,40,13.0,2,2,0,1
1,3,0,20,7.75,1,1,0,1
1,1,0,20,78.85,2,1,0,1
1,1,0,10,91.0792,0,3,1,0
0,2,1,30,12.875,0,2,0,1
0,3,0,20,8.85,2,1,0,1
0,3,1,20,7.8958,2,2,0,1
0,1,1,20,27.7208,0,2,0,1
0,3,1,20,7.2292,0,2,0,1
0,1,0,0,151.55,2,1,3,0
1,1,1,20,30.5,2,2,0,1
1,1,0,40,247.5208,0,3,1,0
1,3,0,20,7.75,1,1,0,1
1,3,1,20,23.25,1,2,2,0
0,3,1,10,0.0,2,2,0,1
1,2,0,20,12.35,1,1,0,1
0,3,1,20,8.05,2,2,0,1
1,1,1,0,151.55,2,0,3,0
1,1,0,20,110.8833,0,1,0,1
1,1,0,10,108.9,0,3,1,0
0,2,1,20,24.0,0,2,1,0
1,1,0,20,56.9292,0,1,0,1
1,1,0,20,83.1583,0,1,0,1
1,1,0,10,262.375,0,1,4,0
0,2,0,20,26.0,2,3,2,0
0,3,1,20,7.8958,2,2,0,1
0,2,1,40,26.25,2,2,2,0
1,3,0,20,7.8542,2,1,0,1
1,2,0,20,26.0,2,3,1,0
0,2,1,50,14.0,2,4,0,1
1,1,0,30,164.8667,2,1,2,0
1,1,0,30,134.5,0,3,2,0
0,3,1,20,7.25,2,2,0,1
0,3,1,20,7.8958,2,2,0,1
1,2,0,20,12.35,1,1,0,1
1,2,0,20,29.0,2,3,2,0
0,3,1,20,69.55,2,2,10,0
1,1,0,30,135.6333,0,1,0,1
0,3,1,60,6.2375,2,2,0,1
1,2,0,30,13.0,2,3,0,1
1,3,0,30,20.525,2,3,2,0
1,1,0,10,57.9792,0,1,1,0
1,3,0,20,23.25,1,1,2,0
0,1,1,40,28.5,2,2,0,1
0,1,1,30,153.4625,2,2,1,0
0,3,1,10,18.0,2,2,2,0
1,1,0,20,133.65,2,3,1,0
0,3,1,20,7.8958,2,2,0,1
0,1,1,20,66.6,2,2,1,0
1,1,0,40,134.5,0,1,0,1
1,3,1,40,8.05,2,2,0,1
0,1,1,40,35.5,2,2,0,1
1,2,1,0,26.0,2,0,2,0
1,1,0,20,263.0,2,1,5,0
0,2,1,20,13.0,2,2,0,1
0,2,1,20,13.0,2,2,0,1
0,2,1,30,13.0,2,2,0,1
1,2,0,20,13.0,2,1,0,1
1,2,0,30,13.0,2,1,0,1
1,3,0,20,16.1,2,3,1,0
1,3,1,0,15.9,2,0,2,0
0,3,1,40,8.6625,2,2,0,1
0,3,1,20,9.225,2,2,0,1
0,1,1,20,35.0,2,2,0,1
0,3,1,10,7.2292,0,2,2,0
0,3,1,20,17.8,2,2,1,0
0,3,1,20,7.225,0,2,0,1
0,3,1,20,9.5,2,2,0,1
1,1,0,20,55.0,2,1,1,0
0,2,0,30,13.0,2,1,0,1
1,3,0,20,7.8792,1,1,0,1
1,3,0,20,7.8792,1,1,0,1
0,3,1,30,27.9,2,2,5,0
0,2,1,20,27.7208,0,2,1,0
0,3,0,40,14.4542,0,3,1,0
0,3,1,30,7.05,2,2,0,1
0,3,1,20,15.5,1,2,1,0
0,3,1,20,7.25,2,2,0,1
1,1,0,50,75.25,0,3,1,0
1,3,0,20,7.2292,0,3,0,1
1,3,0,20,7.75,1,1,0,1
1,1,0,20,69.3,0,4,0,1
1,1,1,20,55.4417,0,2,1,0
0,3,1,10,6.4958,2,2,1,0
0,3,1,10,8.05,2,2,0,1
0,1,1,20,135.6333,0,2,0,1
0,3,0,0,21.075,2,1,4,0
1,1,0,20,82.1708,0,3,1,0
1,3,0,20,7.25,2,1,0,1
0,1,1,20,211.5,0,2,2,0
0,3,1,10,4.0125,0,2,0,1
0,3,1,10,7.775,2,2,0,1
1,1,0,40,227.525,0,1,0,1
1,3,0,0,15.7417,0,1,2,0
0,3,1,30,7.925,2,2,0,1
1,1,0,30,52.0,2,3,1,0
0,3,1,20,7.8958,2,2,0,1
0,2,1,10,73.5,2,2,0,1
0,3,1,0,46.9,2,0,7,0
1,2,0,30,13.0,2,1,0,1
0,3,1,20,7.7292,1,2,0,1
1,2,0,10,12.0,0,1,0,1
1,1,1,30,120.0,2,2,3,0
1,3,1,20,7.7958,2,2,0,1
0,3,1,20,7.925,2,2,2,0
1,1,0,20,113.275,0,1,1,0
1,3,0,20,16.7,2,3,2,0
0,3,1,20,7.7958,2,2,0,1
0,3,0,30,7.8542,2,1,0,1
0,2,1,40,26.0,2,2,0,1
0,2,1,20,10.5,2,4,0,1
1,2,0,20,12.65,2,3,0,1
1,3,1,30,7.925,2,2,0,1
0,3,1,20,8.05,2,2,0,1
0,3,0,20,9.825,2,1,1,0
0,3,1,20,15.85,2,2,1,0
0,3,0,10,8.6625,2,1,0,1
0,2,1,30,21.0,2,2,1,0
0,3,1,50,7.75,2,2,0,1
1,2,1,0,18.75,2,0,2,0
0,3,1,20,7.775,2,2,0,1
0,3,0,20,25.4667,2,1,4,0
0,3,1,20,7.8958,2,2,0,1
0,3,1,20,6.8583,1,2,0,1
1,1,0,30,90.0,1,1,1,0
0,2,1,20,0.0,2,2,0,1
1,3,1,40,7.925,2,2,0,1
0,3,0,20,8.05,2,3,0,1
1,2,0,30,32.5,2,3,2,0
1,2,0,10,13.0,2,1,2,0
0,2,1,20,13.0,2,2,0,1
0,3,0,0,24.15,2,1,2,0
0,3,1,20,7.8958,0,2,0,1
0,3,1,20,7.7333,1,2,0,1
0,3,1,20,7.875,2,2,0,1
0,3,0,20,14.4,2,3,2,0
0,3,1,10,20.2125,2,2,2,0
0,3,1,20,7.25,2,2,0,1
1,2,0,20,26.0,2,3,1,0
1,2,0,10,26.0,2,1,0,1
0,3,1,20,7.75,1,2,0,1
1,3,1,30,8.05,2,2,0,1
1,1,1,20,26.55,2,2,0,1
1,3,0,20,16.1,2,3,1,0
1,2,0,40,26.0,2,3,1,0
0,3,1,10,7.125,2,2,0,1
0,1,1,40,55.9,2,2,1,0
1,1,0,10,120.0,2,1,3,0
0,3,0,20,34.375,2,1,4,0
1,2,0,20,18.75,2,3,5,0
0,1,1,60,263.0,2,2,5,0
0,2,1,30,10.5,2,2,0,1
1,2,0,40,26.25,2,3,2,0
0,3,1,10,9.5,2,2,0,1
0,3,1,20,7.775,2,2,1,0
1,2,0,20,13.0,2,4,0,1
1,3,1,20,8.1125,2,2,0,1
1,1,1,0,81.8583,2,0,2,0
1,2,0,10,19.5,2,1,1,0
1,1,1,30,26.55,2,2,0,1
1,3,0,0,19.2583,0,1,3,0
1,1,1,50,30.5,2,4,0,1
0,2,1,30,27.75,2,2,3,0
0,3,1,20,19.9667,2,2,1,0
0,1,1,20,27.75,0,2,0,1
1,1,1,40,89.1042,0,2,1,0
0,3,1,20,8.05,2,2,0,1
1,3,1,20,7.8958,0,2,0,1
0,1,1,60,26.55,2,2,0,1
1,1,0,20,51.8625,2,3,1,0
1,2,0,40,10.5,2,1,0,1
0,3,1,20,7.75,1,2,0,1
1,1,1,40,26.55,2,2,0,1
0,3,1,30,8.05,2,2,0,1
0,1,1,40,38.5,2,2,0,1
0,2,1,40,13.0,2,2,0,1
0,3,1,20,8.05,2,2,0,1
0,3,1,30,7.05,2,2,0,1
0,2,1,20,0.0,2,2,0,1
0,1,1,50,26.55,2,2,0,1
0,3,1,20,7.725,1,2,0,1
1,3,0,0,19.2583,0,1,3,0
0,3,1,20,7.25,2,2,0,1
0,3,1,30,8.6625,2,2,0,1
1,2,0,30,27.75,2,3,3,0
1,2,0,20,13.7917,0,3,0,1
0,3,0,20,9.8375,2,1,0,1
0,1,1,20,52.0,2,2,0,1
0,2,1,30,21.0,2,2,1,0
0,3,1,20,7.0458,2,2,1,0
0,3,1,20,7.5208,2,2,0,1
1,3,0,0,12.2875,2,1,1,0
0,3,1,0,46.9,2,0,7,0
0,2,1,20,0.0,2,2,0,1
0,3,1,40,8.05,2,2,0,1
1,3,0,60,9.5875,2,3,0,1
1,1,1,20,91.0792,0,2,1,0
0,3,0,20,25.4667,2,1,4,0
1,1,0,30,90.0,2,3,1,0
0,1,1,50,29.7,0,2,0,1
0,3,1,20,8.05,2,2,0,1
1,3,1,0,15.9,2,0,2,0
0,3,1,20,19.9667,2,2,1,0
0,3,1,20,7.25,2,2,0,1
0,1,1,50,30.5,2,2,0,1
0,1,1,70,49.5042,0,2,0,1
0,3,1,20,8.05,2,2,0,1
0,3,1,20,14.4583,0,2,0,1
1,1,0,50,78.2667,0,1,1,0
0,3,1,20,15.1,2,2,0,1
0,1,0,20,151.55,2,3,3,0
0,3,1,20,7.7958,2,2,0,1
0,3,1,10,8.6625,2,2,0,1
0,3,0,20,7.75,1,1,0,1
0,3,0,20,7.6292,1,1,0,1
0,3,0,30,9.5875,2,1,0,1
1,1,0,10,86.5,2,1,0,1
0,1,1,10,108.9,0,2,1,0
1,2,0,30,26.0,2,3,2,0
1,1,1,20,26.55,2,2,0,1
0,3,1,20,22.525,2,2,0,1
1,3,1,20,56.4958,2,2,0,1
1,3,1,20,7.75,1,2,0,1
0,3,1,20,8.05,2,2,0,1
1,1,1,30,26.2875,2,2,0,1
1,1,0,50,59.4,0,3,1,0
0,3,1,20,7.4958,2,2,0,1
0,1,1,40,34.0208,2,2,0,1
1,2,0,30,10.5,2,3,0,1
0,3,1,20,24.15,1,2,0,1
1,2,0,30,26.0,2,3,1,0
0,3,1,30,7.8958,2,2,0,1
1,1,0,20,93.5,2,1,0,1
0,3,1,20,7.8958,2,2,0,1
0,3,1,20,7.225,0,2,0,1
1,1,0,40,57.9792,0,3,1,0
0,3,1,20,7.2292,0,2,0,1
0,3,1,40,7.75,1,2,0,1
1,2,0,40,10.5,2,1,0,1
0,1,1,20,221.7792,2,2,0,1
0,3,1,30,7.925,2,2,0,1
0,2,1,20,11.5,2,2,3,0
1,2,0,0,26.0,2,1,2,0
0,3,1,20,7.2292,0,2,0,1
0,3,1,10,7.2292,0,2,2,0
1,3,0,20,22.3583,0,3,2,0
0,3,0,20,8.6625,2,1,0,1
1,2,0,0,26.25,2,1,2,0
0,1,1,40,26.55,2,4,0,1
1,1,0,20,106.425,0,1,0,1
0,3,1,20,14.5,2,2,0,1
1,1,0,20,49.5,0,1,2,0
1,1,0,30,71.0,2,1,2,0
0,3,0,0,31.275,2,1,6,0
0,3,0,10,31.275,2,1,6,0
1,2,1,30,26.0,2,2,1,0
0,1,1,40,106.425,0,2,1,0
0,1,1,60,26.0,2,2,0,1
1,2,0,10,26.0,2,3,1,0
1,2,1,20,13.8625,0,2,0,1
0,3,1,30,20.525,2,2,2,0
1,2,1,0,36.75,2,0,2,0
1,1,1,10,110.8833,0,2,2,0
0,2,1,20,26.0,2,2,0,1
0,3,1,20,7.8292,1,2,0,1
1,3,1,20,7.225,0,2,0,1
1,3,0,20,7.775,2,1,0,1
0,1,1,60,26.55,2,2,0,1
1,1,0,40,39.6,0,4,1,0
0,1,1,20,227.525,0,2,0,1
1,1,0,30,79.65,2,3,2,0
1,3,0,30,17.4,2,3,1,0
0,3,1,20,7.75,1,2,0,1
0,3,1,30,7.8958,2,2,0,1
0,2,1,20,13.5,2,2,0,1
0,3,1,20,8.05,2,2,0,1
0,3,0,20,8.05,2,1,0,1
0,3,1,20,24.15,2,2,2,0
0,3,1,10,7.8958,2,2,0,1
0,3,0,20,21.075,2,3,4,0
0,3,1,20,7.2292,0,2,0,1
1,3,1,30,7.8542,2,2,0,1
1,2,1,60,10.5,2,2,0,1
1,1,0,50,51.4792,2,3,2,0
1,1,1,30,26.3875,2,2,0,1
1,3,0,20,7.75,1,1,0,1
0,3,1,10,8.05,2,2,0,1
0,3,1,10,14.5,2,2,0,1
1,2,0,30,13.0,2,1,0,1
1,1,0,30,55.9,2,3,1,0
0,3,0,20,14.4583,0,3,1,0
1,3,1,30,7.925,2,2,0,1
1,2,0,20,30.0,2,1,2,0
1,1,0,30,110.8833,0,3,2,0
0,2,1,50,26.0,2,2,0,1
0,1,1,30,40.125,0,2,0,1
0,3,1,20,8.7125,0,2,0,1
1,1,0,10,79.65,2,1,2,0
0,2,1,40,15.0,2,2,0,1
1,1,1,50,79.2,0,2,2,0
0,3,1,20,8.05,2,2,0,1
0,3,1,20,8.05,2,2,0,1
0,3,1,30,7.125,2,2,0,1
1,1,0,50,78.2667,0,3,1,0
0,3,1,40,7.25,2,2,0,1
0,3,0,20,7.75,1,1,2,0
0,2,1,30,26.0,2,2,1,0
0,3,1,30,24.15,2,2,2,0
1,2,0,20,33.0,2,1,0,1
0,3,1,40,0.0,2,2,0,1
0,3,1,20,7.225,0,2,0,1
1,1,1,40,56.9292,0,4,1,0
1,2,0,20,27.0,2,3,3,0
0,3,1,20,7.8958,2,2,0,1
0,1,1,20,42.4,2,2,0,1
0,3,1,40,8.05,2,2,0,1
1,1,1,30,26.55,0,2,0,1
0,3,1,30,15.55,2,2,1,0
0,3,1,20,7.8958,2,2,0,1
1,1,1,20,30.5,2,2,0,1
1,2,0,20,41.5792,0,3,3,0
1,1,0,30,153.4625,2,1,0,1
0,3,0,30,31.275,2,3,6,0
0,3,1,20,7.05,2,2,0,1
1,3,0,20,15.5,1,1,1,0
0,3,1,20,7.75,1,2,0,1
0,3,1,30,8.05,2,2,0,1
1,2,0,20,65.0,2,1,3,0
0,3,1,30,14.4,2,2,2,0
0,3,0,20,16.1,2,3,1,0
1,2,0,0,39.0,2,1,3,0
0,2,1,20,10.5,2,2,0,1
0,3,1,20,14.4542,0,2,1,0
1,1,1,40,52.5542,2,2,1,0
1,3,1,10,15.7417,0,2,2,0
0,3,1,20,7.8542,2,2,0,1
0,3,1,20,16.1,2,2,0,1
0,1,1,60,32.3208,2,2,0,1
0,2,1,50,12.35,1,4,0,1
1,1,0,20,77.9583,2,1,0,1
0,3,1,20,7.8958,2,2,0,1
0,3,1,20,7.7333,1,2,0,1
1,1,1,70,30.0,2,2,0,1
0,3,1,50,7.0542,2,2,0,1
1,1,1,30,30.5,0,4,0,1
0,1,1,20,0.0,2,2,0,1
0,3,0,0,27.9,2,1,5,0
1,2,0,20,13.0,2,1,0,1
0,3,1,30,7.925,2,2,0,1
0,2,1,30,26.25,2,2,2,0
0,3,0,40,39.6875,2,3,5,0
0,3,1,20,16.1,2,2,1,0
0,3,1,10,7.8542,2,2,0,1
1,1,0,20,69.3,0,4,0,1
0,3,0,0,27.9,2,1,5,0
1,3,1,20,56.4958,2,2,0,1
1,3,0,0,19.2583,0,1,3,0
1,1,1,40,76.7292,0,2,1,0
0,3,1,10,7.8958,2,2,0,1
1,1,1,50,35.5,0,4,0,1
0,3,1,20,7.55,2,2,0,1
1,3,0,20,7.55,2,1,0,1
0,3,1,20,7.8958,2,2,0,1
1,2,0,10,23.0,2,1,1,0
0,3,1,20,8.4333,2,2,0,1
1,3,0,20,7.8292,1,1,0,1
0,3,0,10,6.75,1,1,0,1
0,2,1,20,73.5,2,2,2,0
0,3,1,20,7.8958,2,2,0,1
0,3,0,30,15.5,1,3,2,0
0,2,1,20,13.0,2,2,0,1
0,1,1,50,113.275,0,2,2,0
1,1,1,40,133.65,2,4,2,0
0,3,1,30,7.225,0,2,0,1
0,1,1,40,25.5875,2,2,0,1
0,3,1,30,7.4958,2,2,0,1
1,3,1,10,7.925,2,2,1,0
0,2,1,30,73.5,2,2,2,0
0,2,1,20,13.0,2,2,0,1
0,3,1,20,7.775,2,2,0,1
0,3,1,40,8.05,2,2,0,1
1,1,0,20,52.0,2,3,1,0
1,2,0,30,39.0,2,3,2,0
0,1,1,30,52.0,2,2,1,0
0,2,1,60,10.5,2,2,0,1
1,2,1,30,13.0,2,2,0,1
0,2,1,20,0.0,2,2,0,1
0,3,1,10,7.775,2,2,0,1
0,3,1,20,8.05,2,2,0,1
1,3,0,10,9.8417,2,1,0,1
0,3,0,40,46.9,2,3,7,0
1,1,1,30,512.3292,0,2,1,0
0,3,0,20,8.1375,1,1,0,1
1,1,1,20,76.7292,0,2,0,1
0,3,1,10,9.225,2,2,0,1
0,3,1,10,46.9,2,2,7,0
0,2,1,50,39.0,2,2,2,0
0,2,1,20,41.5792,0,2,3,0
0,3,1,10,39.6875,2,2,5,0
0,3,1,10,10.1708,2,2,0,1
0,3,1,10,7.7958,2,2,0,1
1,1,0,10,211.3375,2,1,1,0
1,1,1,30,57.0,2,2,1,0
1,3,0,0,13.4167,0,1,1,0
1,3,1,20,56.4958,2,2,0,1
0,3,1,20,7.225,0,2,0,1
0,1,1,50,26.55,2,4,0,1
0,2,1,50,13.5,2,2,0,1
0,3,1,40,8.05,2,2,0,1
1,3,0,20,7.7333,1,1,0,1
0,1,1,40,110.8833,0,2,2,0
0,3,1,40,7.65,2,2,0,1
1,1,0,10,227.525,0,3,1,0
1,1,1,30,26.2875,2,2,0,1
0,3,0,10,14.4542,0,1,1,0
0,3,1,20,7.7417,1,2,0,1
0,3,1,20,7.8542,2,2,1,0
0,2,1,30,26.0,2,2,0,1
1,2,0,40,13.5,2,3,0,1
1,1,1,40,26.2875,2,2,0,1
1,1,0,20,151.55,2,1,0,1
1,3,1,20,15.2458,0,0,2,0
1,1,0,20,49.5042,0,4,0,1
0,1,1,20,26.55,2,2,0,1
1,1,1,40,52.0,2,2,1,0
0,3,1,20,9.4833,2,2,0,1
0,2,1,50,13.0,2,2,0,1
0,3,1,10,7.65,2,2,0,1
1,1,0,30,227.525,0,1,0,1
1,2,0,20,10.5,2,1,0,1
0,3,1,20,15.5,1,2,0,1
0,3,1,30,7.775,2,2,0,1
1,2,0,0,33.0,2,1,1,0
0,3,1,10,7.0542,2,2,1,0
0,2,1,30,13.0,2,2,0,1
0,2,1,40,13.0,2,2,0,1
1,1,1,20,53.1,2,2,1,0
0,3,1,10,8.6625,2,2,0,1
1,2,0,20,21.0,2,3,3,0
1,3,0,20,7.7375,1,1,0,1
0,2,1,20,26.0,2,2,1,0
0,3,0,20,7.925,2,1,1,0
1,1,0,20,211.3375,2,1,0,1
0,3,1,10,18.7875,0,2,0,1
0,2,1,20,0.0,2,2,0,1
0,2,1,20,13.0,2,2,0,1
0,2,1,20,13.0,2,2,0,1
0,3,1,20,16.1,2,2,0,1
0,3,0,40,34.375,2,3,4,0
1,1,1,30,512.3292,0,2,0,1
0,3,1,20,7.8958,2,2,0,1
0,3,1,20,7.8958,2,2,0,1
1,1,1,20,30.0,2,2,0,1
0,1,1,30,78.85,2,2,1,0
1,1,0,20,262.375,0,1,4,0
0,3,1,20,16.1,2,2,1,0
1,3,1,30,7.925,2,2,0,1
0,1,1,60,71.0,2,4,2,0
0,3,1,10,20.25,2,2,2,0
1,2,0,20,13.0,2,1,0,1
0,1,1,10,53.1,2,2,1,0
0,3,1,30,7.75,1,2,0,1
1,2,0,0,23.0,2,1,2,0
1,3,1,0,12.475,2,0,1,0
0,3,1,30,9.5,2,2,0,1
0,3,1,20,7.8958,2,2,0,1
1,2,0,40,65.0,2,3,3,0
1,2,1,0,14.5,2,0,2,0
0,3,1,20,7.7958,2,2,0,1
0,2,1,10,11.5,2,2,0,1
0,3,1,30,8.05,2,2,0,1
1,1,0,30,86.5,2,4,0,1
0,3,1,20,14.5,2,2,0,1
0,3,1,40,7.125,2,2,0,1
1,3,1,10,7.2292,0,2,0,1
1,1,0,30,120.0,2,3,3,0
0,3,1,10,7.775,2,2,0,1
1,1,0,50,77.9583,2,3,1,0
0,1,1,20,39.6,0,4,0,1
0,3,0,30,7.75,1,1,0,1
0,3,1,20,24.15,1,2,1,0
0,3,1,30,8.3625,2,2,0,1
0,3,1,20,9.5,2,2,0,1
0,3,1,40,7.8542,2,2,0,1
0,2,0,50,10.5,2,3,0,1
0,3,1,20,7.225,0,2,0,1
1,2,0,50,23.0,2,3,4,0
0,3,1,10,7.75,2,2,0,1
0,3,1,20,7.75,1,2,0,1
1,3,0,0,12.475,2,1,0,1
0,3,1,20,7.7375,1,2,0,1
1,1,0,40,211.3375,2,3,1,0
1,3,0,10,7.2292,0,1,0,1
1,1,0,10,57.0,2,3,1,0
0,1,1,20,30.0,2,2,0,1
0,3,1,20,23.45,2,2,3,0
0,3,1,20,7.05,2,2,0,1
0,3,1,20,7.25,2,2,0,1
1,3,0,10,7.4958,2,1,0,1
0,3,1,0,29.125,1,0,5,0
1,3,1,0,20.575,2,0,3,0
0,1,1,40,79.2,0,2,0,1
0,3,1,20,7.75,1,2,0,1
0,2,1,10,26.0,2,2,0,1
0,3,0,20,69.55,2,1,10,0
0,1,1,20,30.6958,0,2,0,1
0,3,1,20,7.8958,2,2,0,1
0,2,1,30,13.0,2,2,0,1
1,1,0,40,25.9292,2,4,0,1
1,3,0,30,8.6833,2,3,0,1
0,3,1,20,7.2292,0,2,0,1
0,3,0,20,24.15,2,3,2,0
0,2,1,30,13.0,2,2,0,1
1,2,0,30,26.25,2,3,2,0
1,1,1,10,120.0,2,0,3,0
1,3,1,0,8.5167,0,0,1,0
1,3,1,20,6.975,2,2,0,1
0,3,1,30,7.775,2,2,0,1
0,1,1,30,0.0,2,2,0,1
0,3,0,10,7.775,2,1,0,1
0,2,1,30,13.0,2,2,0,1
1,1,0,30,53.1,2,3,1,0
0,3,1,20,7.8875,2,2,0,1
0,3,1,30,24.15,2,2,0,1
0,2,1,30,10.5,2,2,0,1
0,3,0,0,31.275,2,1,6,0
0,3,1,30,8.05,2,2,0,1
0,1,1,20,0.0,2,2,0,1
0,3,0,20,7.925,2,1,0,1
0,2,1,30,37.0042,0,2,2,0
0,3,1,40,6.45,2,2,0,1
0,3,1,0,27.9,2,0,5,0
1,1,0,50,93.5,2,3,2,0
1,3,1,20,8.6625,2,2,0,1
0,1,1,30,0.0,2,4,0,1
1,3,0,20,12.475,2,3,1,0
0,3,1,0,39.6875,2,0,5,0
0,3,1,20,6.95,1,2,0,1
0,3,1,20,56.4958,2,2,0,1
1,2,1,0,37.0042,0,0,2,0
1,3,1,20,7.75,1,2,0,1
1,1,0,60,80.0,2,3,0,1
1,3,0,10,14.4542,0,3,1,0
1,2,1,0,18.75,2,0,2,0
0,3,1,20,7.2292,0,2,0,1
0,3,1,20,7.8542,2,2,0,1
0,3,1,10,8.3,2,2,0,1
1,1,0,30,83.1583,0,1,2,0
0,3,1,20,8.6625,2,2,0,1
0,3,1,20,8.05,2,2,0,1
1,3,1,30,56.4958,2,2,0,1
1,1,1,20,29.7,0,2,0,1
0,3,1,10,7.925,2,2,0,1
0,2,1,10,10.5,2,2,0,1
1,1,0,20,31.0,0,1,0,1
0,3,1,30,6.4375,0,2,0,1
0,3,1,10,8.6625,2,2,0,1
0,3,1,40,7.55,2,2,0,1
0,3,1,20,69.55,2,2,10,0
0,3,1,30,7.8958,0,2,0,1
0,2,1,20,33.0,2,4,1,0
1,1,0,20,89.1042,0,3,1,0
0,3,1,0,31.275,2,0,6,0
0,3,1,70,7.775,2,2,0,1
0,3,0,0,15.2458,0,1,2,0
1,1,0,10,39.4,2,1,1,0
0,2,0,40,26.0,2,3,1,0
1,3,0,10,9.35,2,3,1,0
1,1,0,40,164.8667,2,3,2,0
1,1,1,50,26.55,2,2,0,1
1,3,0,20,19.2583,0,3,3,0
0,3,1,20,7.2292,0,2,0,1
0,3,1,40,14.1083,2,2,2,0
0,2,1,20,11.5,2,2,1,0
1,1,0,40,25.9292,2,3,0,1
0,3,0,20,69.55,2,1,10,0
0,2,1,20,13.0,2,2,0,1
1,2,0,40,13.0,2,3,0,1
1,2,0,20,13.8583,0,1,1,0
0,1,1,30,50.4958,2,2,0,1
0,3,1,20,9.5,2,2,0,1
1,3,1,0,11.1333,2,0,2,0
0,3,1,20,7.8958,2,2,0,1
1,1,0,40,52.5542,2,3,2,0
0,1,1,30,5.0,2,2,0,1
0,3,1,40,9.0,2,2,0,1
1,2,0,20,24.0,0,3,1,0
1,3,0,10,7.225,0,1,0,1
0,3,1,10,9.8458,2,2,0,1
0,3,1,10,7.8958,2,2,0,1
0,3,1,20,7.8958,2,2,0,1
1,1,0,50,83.1583,0,3,1,0
1,2,0,20,26.0,2,3,1,0
0,3,1,30,7.8958,2,2,0,1
0,3,0,20,10.5167,2,1,0,1
0,2,1,20,10.5,2,2,0,1
0,3,1,20,7.05,2,2,0,1
0,3,0,30,29.125,1,3,5,0
0,2,1,20,13.0,2,4,0,1
1,1,0,10,30.0,2,1,0,1
0,3,0,20,23.45,2,1,3,0
1,1,1,20,30.0,0,2,0,1
0,3,1,30,7.75,1,2,0,1
0,3,1,30,7.8292,1,2,0,1
1,3,0,40,7.0,2,3,1,0
0,2,1,60,9.6875,1,2,0,1
0,3,1,20,8.6625,2,2,0,1
1,3,0,20,12.2875,2,3,2,0
0,3,1,10,9.225,2,2,0,1
1,3,0,20,7.6292,1,1,0,1
0,2,1,20,29.0,2,2,2,0
1,3,0,10,7.2292,0,3,0,1
0,3,1,20,24.15,2,2,2,0
0,3,1,20,7.8958,2,2,0,1
0,1,1,40,26.0,2,2,0,1
1,1,0,20,82.2667,2,3,1,0
0,2,1,60,26.0,2,2,1,0
1,1,0,40,61.175,2,3,1,0
1,2,0,20,27.7208,0,3,1,0
0,2,1,30,12.35,1,2,0,1
0,3,1,20,7.225,0,2,0,1
1,3,0,20,7.925,2,1,1,0
1,3,0,40,7.225,0,3,0,1
0,1,1,50,59.4,0,2,1,0
0,3,1,0,3.1708,2,0,1,0
1,1,0,20,31.6833,2,3,0,1
0,1,1,20,61.3792,0,2,1,0
1,1,0,40,262.375,0,3,4,0
0,3,1,40,14.5,2,2,1,0
1,1,0,20,61.9792,0,1,1,0
0,3,1,20,7.225,0,2,0,1
0,1,1,40,30.5,2,2,0,1
0,3,1,20,21.6792,0,2,2,0
0,2,1,40,26.0,2,2,1,0
0,2,1,20,31.5,2,2,2,0
1,3,0,30,20.575,2,3,3,0
1,3,0,20,23.45,2,3,3,0
0,1,1,20,57.75,0,2,1,0
0,3,1,10,7.2292,0,2,0,1
1,3,0,20,8.05,2,1,0,1
1,3,0,20,8.6625,2,1,0,1
0,3,1,20,9.5,2,2,0,1
0,3,1,20,56.4958,2,2,0,1
0,3,1,30,13.4167,0,2,1,0
0,1,1,20,26.55,2,2,0,1
0,3,1,40,7.85,2,2,0,1
1,2,0,20,13.0,2,3,0,1
1,1,0,40,52.5542,2,3,1,0
0,3,1,20,7.925,2,2,0,1
0,1,1,40,29.7,0,2,0,1
0,3,1,20,7.75,1,2,0,1
1,1,0,50,76.2917,0,3,0,1
1,3,0,30,15.9,2,3,2,0
0,1,1,20,60.0,2,2,1,0
0,2,1,20,15.0333,0,2,0,1
1,2,0,10,23.0,2,1,3,0
1,1,0,20,263.0,2,1,5,0
0,2,1,20,15.5792,0,2,0,1
0,3,1,0,29.125,1,0,5,0
0,3,1,30,7.8958,2,2,0,1
0,3,1,20,7.65,2,2,0,1
0,3,1,20,16.1,2,2,1,0
1,1,0,30,262.375,0,1,0,1
0,3,1,10,7.8958,2,2,0,1
0,2,1,30,13.5,2,2,0,1
0,3,1,10,7.75,2,2,0,1
1,3,0,20,7.725,1,1,0,1
0,1,1,10,262.375,0,0,4,0
1,2,0,20,21.0,2,3,0,1
1,3,0,10,7.8792,1,1,0,1
0,1,1,40,42.4,2,2,0,1
0,1,1,30,28.5375,0,2,0,1
1,1,0,50,263.0,2,3,5,0
1,3,0,20,7.75,1,1,0,1
0,3,1,20,7.8958,2,2,0,1
1,3,0,20,7.925,2,1,0,1
0,1,1,20,27.7208,0,2,0,1
1,1,0,30,211.5,0,1,0,1
0,1,1,30,211.5,0,2,0,1
0,3,1,20,8.05,2,2,0,1
1,1,0,50,25.7,2,3,2,0
0,2,1,20,13.0,2,2,0,1
1,3,0,20,7.75,1,1,0,1
0,3,1,0,15.2458,0,0,2,0
0,1,1,60,221.7792,2,2,1,0
0,1,1,40,26.0,2,2,0,1
0,3,1,20,7.8958,2,2,0,1
0,2,1,20,10.7083,1,2,0,1
0,3,1,20,14.4542,0,2,1,0
1,3,0,20,7.8792,1,1,0,1
1,3,0,10,8.05,2,1,0,1
1,3,0,20,7.75,1,4,0,1
0,2,1,0,23.0,2,0,2,0
1,3,0,20,13.9,2,3,1,0
0,3,1,20,7.775,2,2,0,1
1,1,0,20,52.0,2,3,3,0
0,3,1,20,8.05,2,2,0,1
0,1,1,20,26.0,0,2,0,1
0,3,1,20,7.7958,2,2,0,1
1,1,0,70,78.85,2,3,1,0
0,3,1,20,7.925,2,2,0,1
1,3,0,10,7.8542,2,1,0,1
0,3,1,30,8.05,2,2,0,1
1,1,0,40,55.4417,0,3,1,0
0,2,1,20,26.0,2,2,1,0
0,3,1,20,7.75,1,2,0,1
0,3,1,20,7.775,2,2,0,1
1,3,0,10,8.5167,0,3,2,0
0,3,1,20,22.525,2,2,0,1
0,3,1,20,7.8208,1,2,0,1
0,3,1,20,7.75,1,2,0,1
0,3,1,20,8.7125,2,2,0,1
0,2,1,10,13.0,2,2,0,1
0,2,1,40,15.0458,0,2,0,1
1,3,0,20,7.7792,1,1,0,1
1,1,0,30,31.6792,0,1,0,1
1,3,0,10,7.2833,1,1,0,1
1,1,0,60,221.7792,2,3,1,0
0,3,1,10,14.4542,0,2,1,0
0,3,1,20,6.4375,0,2,0,1
1,3,0,0,16.7,2,1,2,0
0,1,1,30,75.2417,0,2,0,1
1,2,0,20,26.0,2,3,1,0
1,2,0,10,15.75,2,1,0,1
0,3,1,20,7.75,1,2,1,0
1,1,0,30,57.75,0,3,1,0
0,3,1,20,7.25,2,2,0,1
0,3,1,20,7.75,1,2,0,1
1,3,0,10,16.1,2,1,1,0
0,3,1,20,7.7958,2,2,0,1
1,3,0,20,23.25,1,1,2,0
0,2,1,40,13.0,2,2,0,1
0,3,1,20,8.05,2,2,0,1
0,3,1,30,8.05,2,2,0,1
0,1,1,50,28.5,0,4,0,1
1,3,0,20,25.4667,2,3,4,0
0,3,1,20,6.4375,0,2,1,0
0,3,1,40,7.8958,2,2,0,1
0,3,1,20,7.8542,2,2,0,1
0,3,1,20,7.225,0,2,0,1
0,2,1,20,13.0,2,2,0,1
1,3,0,20,8.05,2,1,0,1
0,3,1,30,46.9,2,2,7,0
1,3,0,0,46.9,2,1,7,0
1,1,0,30,151.55,2,1,0,1
0,1,1,60,262.375,0,2,4,0
0,2,1,20,26.0,2,2,0,1
0,1,1,40,26.55,2,2,0,1
0,3,1,30,18.0,2,2,3,0
0,1,1,20,51.8625,2,2,0,1
0,3,1,20,8.05,2,2,0,1
0,1,1,20,26.55,2,2,0,1
0,2,1,20,26.0,2,4,2,0
1,1,0,20,83.1583,0,3,1,0
0,3,1,20,7.8958,0,2,0,1
0,3,1,60,13.3029,2,2,0,1
1,3,0,30,12.1833,2,3,2,0
0,3,1,10,31.3875,2,0,6,0
0,3,1,20,7.55,2,2,0,1
1,1,0,20,221.7792,2,1,0,1
1,3,0,20,7.8542,2,1,0,1
0,1,1,40,26.55,2,2,0,1
1,3,0,20,13.775,2,3,2,0
1,3,0,20,7.7333,1,1,0,1
0,3,1,0,15.2458,0,0,2,0
1,2,0,20,13.5,2,1,0,1
0,3,1,20,7.0,2,2,0,1
0,2,1,40,13.0,2,4,0,1
1,3,0,20,22.025,2,3,2,0
0,1,1,40,50.4958,0,2,0,1
0,3,1,10,34.375,2,2,4,0
1,1,0,20,27.7208,0,3,0,1
1,3,0,20,8.9625,2,1,0,1
0,3,1,20,7.55,2,2,0,1
0,3,1,20,7.225,0,2,0,1
0,3,1,20,13.9,2,2,1,0
0,3,1,20,7.2292,0,2,0,1
0,3,1,30,31.3875,2,2,6,0
1,2,0,10,39.0,2,1,2,0
1,2,0,10,36.75,2,1,0,1
0,1,1,50,55.4417,0,2,1,0
1,2,0,30,39.0,2,3,3,0
1,1,0,60,83.1583,0,3,2,0
0,2,1,20,13.0,2,2,0,1
0,1,1,30,83.1583,0,2,2,0
1,1,0,10,53.1,2,3,1,0
0,3,1,20,7.75,1,2,0,1
1,1,0,20,247.5208,0,3,2,0
0,2,1,30,16.0,2,2,0,1
1,2,0,20,21.0,2,1,1,0
0,3,1,10,8.05,2,2,2,0
1,3,0,20,69.55,2,1,10,0
0,2,1,30,13.0,2,2,0,1
0,2,1,30,26.0,2,2,1,0
0,1,1,20,26.0,2,2,0,1
0,3,1,10,14.5,2,0,2,0
0,2,1,60,12.35,1,2,0,1
0,2,1,0,32.5,2,0,2,0
0,3,1,30,7.8542,2,2,0,1
0,1,1,0,134.5,0,0,2,0
1,3,0,10,7.775,2,1,0,1
0,2,1,20,10.5,2,2,0,1
1,3,0,20,8.1125,2,3,0,1
1,3,0,20,15.5,1,1,0,1
0,3,1,0,14.4,2,0,2,0
0,1,1,40,227.525,0,4,1,0
1,2,0,0,26.0,2,1,2,0
0,2,1,20,10.5,2,2,0,1
0,1,1,20,25.7417,0,2,0,1
1,3,0,30,7.75,1,1,0,1
0,2,1,20,10.5,2,2,0,1
1,1,0,30,27.7208,0,1,0,1
0,3,1,20,7.8958,2,2,0,1
0,3,1,30,22.525,2,2,0,1
0,3,1,20,7.05,2,2,0,1
0,2,1,10,73.5,2,2,0,1
1,2,0,50,26.0,2,3,1,0
1,3,0,30,7.775,2,1,6,0
0,1,1,40,42.5,2,2,0,1
1,3,0,20,7.8792,1,1,0,1
0,1,1,50,164.8667,2,2,2,0
1,1,0,40,211.5,0,3,2,0
0,3,1,20,8.05,2,2,0,1
1,2,0,20,13.8583,0,1,1,0
0,3,1,20,8.05,2,2,0,1
1,2,0,20,10.5,2,3,0,1
0,3,1,20,7.7958,2,2,0,1
1,1,0,50,27.4458,0,3,0,1
1,3,0,20,15.2458,0,3,2,0
0,3,1,20,7.7958,2,2,0,1
1,3,0,20,7.75,1,1,0,1
0,3,1,40,15.1,2,2,0,1
0,2,1,30,13.0,2,2,0,1
0,2,1,10,65.0,2,2,0,1
1,1,0,20,26.55,2,1,0,1
0,3,1,20,6.4958,2,2,1,0
0,3,1,20,7.8792,1,2,0,1
0,1,1,30,71.2833,0,2,1,0
0,3,1,10,7.8542,2,2,0,1
0,1,1,60,75.25,0,2,1,0
0,3,1,10,7.225,0,2,0,1
1,2,0,10,13.0,2,1,2,0
1,1,0,40,106.425,0,3,1,0
1,1,0,50,27.7208,0,3,0,1
1,2,0,40,30.0,2,3,2,0
0,1,1,40,134.5,0,2,2,0
0,3,1,20,7.8875,2,2,0,1
0,3,1,20,23.45,2,0,3,0
0,1,1,40,51.8625,2,2,1,0
1,2,0,20,21.0,2,3,0,1
0,2,1,40,32.5,2,2,2,0
1,2,0,20,26.0,2,3,1,0
1,3,0,20,14.4542,0,3,1,0
1,2,0,0,27.75,2,1,3,0
0,3,1,10,7.925,2,2,0,1
0,1,1,20,136.7792,0,2,1,0
0,3,1,20,9.325,2,2,0,1
0,3,1,30,9.5,2,2,0,1
0,3,1,20,7.55,2,2,0,1
0,3,1,20,7.75,1,2,0,1
0,3,1,20,8.05,2,2,0,1
1,2,0,10,13.0,2,1,0,1
0,3,1,20,7.775,2,2,0,1
0,3,1,30,17.4,2,2,1,0
0,3,1,20,7.8542,2,2,0,1
1,2,0,20,23.0,2,3,2,0
1,3,0,0,12.1833,2,1,2,0
0,2,1,20,12.7375,0,2,0,1
0,3,1,20,7.8958,2,2,0,1
0,1,1,20,0.0,2,2,0,1
0,3,1,20,7.55,2,2,0,1
1,3,0,20,8.05,2,1,0,1
0,3,1,10,8.6625,2,2,0,1
0,1,1,40,75.2417,0,2,0,1
0,3,1,20,7.75,1,2,0,1
1,1,0,20,136.7792,0,3,1,0
1,3,0,20,15.5,1,1,1,0
0,3,1,20,7.225,0,2,0,1
1,2,0,10,26.0,2,1,1,0
0,2,1,20,10.5,2,2,0,1
0,2,1,30,26.0,2,2,1,0
0,2,1,20,21.0,2,2,1,0
0,2,1,20,10.5,2,2,0,1
1,3,0,20,8.6625,2,1,0,1
0,3,1,0,13.775,2,0,2,0
1,3,0,20,7.75,1,1,0,1
1,3,0,0,15.2458,0,1,2,0
1,3,0,0,20.2125,2,1,2,0
0,3,1,30,7.25,2,2,0,1
0,3,1,20,7.25,2,2,0,1
0,1,1,20,82.2667,2,2,1,0
0,3,1,20,7.2292,0,2,0,1
0,3,1,20,8.05,2,2,0,1
0,1,1,20,39.6,2,2,0,1
1,3,0,20,6.95,1,1,0,1
0,3,1,20,7.2292,0,2,0,1
0,1,1,50,81.8583,2,4,2,0
0,3,1,30,9.5,2,2,0,1
0,3,1,20,7.8958,2,2,0,1
1,2,0,0,41.5792,0,1,3,0
0,3,1,20,21.6792,0,2,2,0
0,1,1,20,45.5,2,2,0,1
0,3,1,20,7.8542,2,2,0,1
0,3,1,30,7.775,2,2,0,1
0,2,1,20,15.0458,0,2,0,1
0,2,1,40,21.0,2,2,1,0
0,3,1,20,8.6625,2,2,0,1
1,3,0,20,7.75,1,1,0,1
1,1,0,60,26.55,2,3,2,0
0,1,1,20,151.55,2,2,3,0
0,3,1,0,9.35,2,0,1,0
0,1,1,50,93.5,2,2,2,0
1,3,0,40,14.1083,2,3,1,0
0,3,1,10,8.6625,2,2,0,1
0,3,1,20,7.225,0,2,0,1
0,3,1,20,7.575,2,2,0,1
1,3,0,30,7.75,1,1,0,1
1,1,0,50,135.6333,0,3,0,1
1,3,0,10,7.7333,1,1,0,1
0,1,1,50,146.5208,0,2,1,0
0,2,1,10,10.5,2,2,0,1
0,3,1,20,7.8542,2,2,0,1
0,2,1,20,31.5,2,2,2,0
0,3,1,20,7.775,2,2,0,1
0,3,1,20,7.2292,0,2,0,1
0,2,1,20,13.0,2,2,0,1
0,1,1,30,26.55,2,2,0,1
1,1,0,30,211.3375,2,1,0,1
0,3,1,20,7.05,2,2,0,1
1,2,0,10,39.0,2,1,3,0
0,1,1,40,79.2,0,2,0,1
0,2,1,20,26.0,2,2,1,0
0,2,1,20,13.0,2,2,0,1
1,2,0,40,36.75,2,3,2,0
0,1,1,30,29.7,0,2,0,1
0,3,1,20,7.225,0,2,0,1
1,3,0,10,15.7417,0,3,2,0
0,3,1,20,7.8958,2,2,0,1
0,1,1,20,26.0,2,2,0,1
0,2,1,30,13.0,2,2,0,1
0,3,1,30,7.2292,0,2,2,0
0,2,1,20,31.5,2,2,0,1
0,3,1,20,7.2292,0,0,0,1
0,2,1,10,10.5,2,2,0,1
0,3,1,30,7.5792,2,2,0,1
0,3,1,20,69.55,2,2,10,0
1,1,0,50,512.3292,0,3,1,0
0,3,1,20,14.5,2,0,2,0
1,3,0,10,7.65,2,1,0,1
0,2,1,20,13.0,2,2,0,1
1,3,0,30,7.2292,0,3,0,1
0,2,1,20,13.5,2,2,0,1
1,2,0,30,21.0,2,1,0,1
1,1,0,40,63.3583,0,3,1,0
0,2,1,20,10.5,2,2,0,1
0,2,1,10,73.5,2,2,0,1
0,2,1,40,65.0,2,2,3,0
1,3,0,0,20.575,2,1,3,0
0,1,1,40,26.0,2,2,0,1
1,1,0,50,51.4792,2,3,2,0
0,3,1,20,7.8792,2,2,0,1
0,3,1,20,7.75,1,2,0,1
1,3,0,20,15.55,2,3,1,0
0,3,1,10,69.55,2,0,10,0
1,2,0,20,37.0042,0,3,2,0
1,2,0,30,21.0,2,3,0,1
0,3,1,20,8.6625,2,2,0,1
1,1,0,20,55.4417,0,3,1,0
1,3,0,20,69.55,2,3,10,0
0,3,1,20,14.4583,0,2,1,0
1,3,0,20,39.6875,2,1,0,1
1,1,0,40,59.4,0,3,1,0
0,2,1,20,13.8583,0,2,0,1
0,2,1,20,11.5,2,2,1,0
1,1,0,30,134.5,0,1,0,1
0,1,1,40,0.0,2,2,0,1
0,2,1,40,13.0,2,2,0,1
1,1,0,50,81.8583,2,3,2,0
1,1,0,40,262.375,0,1,0,1
1,3,0,20,8.6625,2,1,2,0
0,2,1,20,11.5,2,2,0,1
0,1,1,50,50.0,2,2,0,1
0,3,1,0,31.3875,2,0,6,0
0,3,1,20,7.75,1,2,0,1
0,3,1,20,7.8792,1,2,0,1
1,3,0,20,14.5,2,3,0,1
1,3,0,10,16.1,2,3,1,0
0,2,1,20,12.875,2,2,0,1
1,2,0,20,65.0,2,1,3,0
0,3,1,20,7.775,2,2,0,1
0,2,1,50,13.0,2,2,0,1
0,3,1,20,7.75,1,2,0,1
0,3,1,0,21.075,2,0,4,0
0,1,1,20,93.5,2,2,0,1
1,1,0,50,39.4,2,3,1,0
0,3,1,10,20.25,2,0,2,0
0,2,1,40,10.5,2,2,0,1
0,3,1,20,22.025,2,2,4,0
1,1,0,10,60.0,2,3,1,0
0,3,1,20,7.25,1,2,0,1
1,1,0,40,79.2,0,3,2,0
0,3,1,20,7.775,2,2,0,1
0,3,1,30,7.7333,1,2,0,1
1,1,0,20,164.8667,2,1,0,1
0,2,1,30,21.0,2,2,1,0
1,1,0,20,59.4,0,1,1,0
0,1,1,10,47.1,2,2,0,1
0,1,1,40,27.7208,0,2,1,0
0,2,1,10,13.8625,0,2,0,1
0,2,1,20,10.5,2,2,1,0
0,1,1,40,211.5,0,2,2,0
1,3,0,20,7.7208,1,1,0,1
1,3,0,0,13.775,2,1,2,0
1,3,0,20,7.75,1,1,0,1
1,1,0,30,90.0,1,3,1,0
1,3,0,20,7.775,2,1,0,1
0,3,1,20,8.05,2,2,0,1
1,1,0,30,108.9,0,4,0,1
0,3,1,30,7.25,2,2,0,1
0,3,1,20,8.05,2,2,0,1
0,3,1,20,22.3583,0,0,2,0
